code,set,part
bluebird,bluebird,outfit
bluebird,bluebird,outfit
bluebird,pisces,hair
bluebird,bluebird,hair
bluebird,bluebird ,hair
bluebird,pisces,hair
bluebird,pisces,hair
bluebird,pisces,outfit
bluebird,bluebird,hair
bluebird,bluebird ,outfit
bluebird,bluebird ,hair
bluebird,pisces,hair
bluebird,pisces,hair
bluebird,bluebird,hair
bluebird,pisces,outfit
bluebird,bluebird,outfit
bluebird,pisces,outfit
bluebird,bluebird,hair
bluebird,pisces,outfit
bluebird,pisces,outfit
bluebird,bluebird,hair
bluebird,bluebird,hair
bluebird,pisces ,hair
bluebird,bluebird ,outfit
bluebird,pisces ,hair
bluebird,pisces ,hair
bluebird,bluebird ,hair
bluebird,pisces ,hair
bluebird,bluebird ,outfit
bluebird,bluebird ,hair
bluebird,pisces ,hair
bluebird,bluebird ,hair
bluebird,pisces ,hair
bluebird,pisces ,hair
bluebird,bluebird ,hair
bluebird,bluebird ,outfit
bluebird,bluebird,hair
bluebird,bluebird ,outfit
bluebird,bluebird,outfit
bluebird,none,none
bluebird,none,none
bluebird,none,none
bluebird,none,none
bluebird,none,none
bluebird,none,none
bluebird,none,none
bluebird,none,none
bluebird,none,none
bluebird,none,none
bluebird,none,none
bluebird,none,none
bluebird,none,none
bluebird,none,none
bluebird,none,none
bluebird,none,none
bluebird,none,none
bluebird,none,none
bluebird,none,none
bluebird,none,none
bluebird,none,none
bluebird,none,none
bluebird,none,none
bluebird,none,none
bluebird,none,none
bluebird,none,none
bluebird,none,none
bluebird,none,none
bluebird,none,none
bluebird,none,none
bluebird,none,none
bluebird,none,none
bluebird,none,none
bluebird,none,none
bluebird,none,none
bluebird,none,none
bluebird,none,none
bluebird,none,none
bluebird,none,none
bluebird,none,none
bluebird,none,none
bluebird,none,none
bluebird,none,none
bluebird,none,none
bluebird,none,none
bluebird,none,none
bluebird,none,none
bluebird,none,none
bluebird,none,none
bluebird,none,none
bluebird,none,none
bluebird,none,none
bluebird,none,none
bluebird,none,none
bluebird,none,none
bluebird,none,none
bluebird,none,none
bluebird,none,none
bluebird,none,none
bluebird,none,none
bluebird,none,none
bluebird,none,none
bluebird,none,none
bluebird,none,none
bluebird,none,none
bluebird,none,none
bluebird,none,none
bluebird,none,none
bluebird,none,none
bluebird,none,none
bluebird,none,none
bluebird,none,none
bluebird,none,none
bluebird,none,none
bluebird,none,none
bluebird,none,none
bluebird,none,none
bluebird,none,none
bluebird,none,none
bluebird,none,none
bluebird,none,none
bluebird,none,none
bluebird,none,none
bluebird,none,none
bluebird,none,none
bluebird,none,none
bluebird,none,none
bluebird,none,none
bluebird,none,none
bluebird,none,none
bluebird,none,none
bluebird,none,none
bluebird,none,none
bluebird,none,none
bluebird,none,none
bluebird,none,none
bluebird,none,none
bluebird,none,none
bluebird,none,none
bluebird,none,none
bluebird,none,none
bluebird,none,none
bluebird,none,none
bluebird,none,none
bluebird,none,none
bluebird,none,none
bluebird,none,none
bluebird,none,none
bluebird,none,none
bluebird,none,none
bluebird,none,none
bluebird,none,none
bluebird,none,none
bluebird,none,none
bluebird,none,none
bluebird,none,none
bluebird,none,none
bluebird,none,none
bluebird,none,none
bluebird,none,none
bluebird,none,none
bluebird,none,none
bluebird,none,none
bluebird,none,none
bluebird,none,none
bluebird,none,none
bluebird,none,none
bluebird,none,none
bluebird,none,none
bluebird,none,none
bluebird,none,none
bluebird,none,none
bluebird,none,none
bluebird,none,none
bluebird,none,none
bluebird,none,none
bluebird,none,none
bluebird,none,none
bluebird,none,none
bluebird,none,none
bluebird,none,none
bluebird,none,none
bluebird,none,none
bluebird,none,none
bluebird,none,none
bluebird,none,none
bluebird,none,none
bluebird,none,none
bluebird,none,none
bluebird,none,none
bluebird,none,none
bluebird,none,none
bluebird,none,none
bluebird,none,none
bluebird,none,none
bluebird,none,none
bluebird,none,none
bluebird,none,none
bluebird,none,none
bluebird,none,none
bluebird,none,none
bluebird,none,none
bluebird,none,none
bluebird,none,none
bluebird,none,none
bluebird,none,none
bluebird,none,none
bluebird,none,none
bluebird,none,none
bluebird,none,none
bluebird,none,none
bluebird,none,none
bluebird,none,none
bluebird,none,none
bluebird,none,none
bluebird,none,none
bluebird,none,none
bluebird,none,none
bluebird,none,none
bluebird,none,none
bluebird,none,none
bluebird,none,none
bluebird,none,none
bluebird,none,none
bluebird,none,none
bluebird,none,none
bluebird,none,none
bluebird,none,none
bluebird,none,none
bluebird,none,none
bluebird,none,none
bluebird,none,none
bluebird,none,none
bluebird,none,none
bluebird,none,none
bluebird,none,none
bluebird,none,none
bluebird,none,none
bluebird,none,none
bluebird,none,none
bluebird,none,none
bluebird,none,none
bluebird,none,none
bluebird,none,none
bluebird,none,none
bluebird,none,none
bluebird,none,none
bluebird,none,none
bluebird,none,none
bluebird,none,none
bluebird,none,none
bluebird,none,none
bluebird,none,none
bluebird,none,none
bluebird,none,none
bluebird,none,none
bluebird,none,none
bluebird,none,none
bluebird,none,none
bluebird,none,none
bluebird,none,none
bluebird,none,none
bluebird,none,none
bluebird,none,none
bluebird,none,none
bluebird,none,none
bluebird,none,none
bluebird,none,none
bluebird,none,none
bluebird,none,none
bluebird,none,none
bluebird,none,none
bluebird,none,none
bluebird,none,none
bluebird,none,none
bluebird,none,none
bluebird,none,none
bluebird,none,none
bluebird,none,none
bluebird,none,none
bluebird,none,none
bluebird,none,none
bluebird,none,none
bluebird,none,none
bluebird,none,none
bluebird,none,none
bluebird,none,none
bluebird,none,none
bluebird,none,none
bluebird,none,none
bluebird,none,none
bluebird,none,none
bluebird,none,none
bluebird,none,none
bluebird,none,none
bluebird,none,none
bluebird,none,none
bluebird,none,none
bluebird,none,none
bluebird,none,none
bluebird,none,none
bluebird,none,none
bluebird,none,none
bluebird,none,none
bluebird,none,none
bluebird,none,none
bluebird,none,none
bluebird,none,none
bluebird,none,none
bluebird,none,none
bluebird,none,none
bluebird,none,none
bluebird,none,none
bluebird,none,none
bluebird,none,none
bluebird,none,none
bluebird,none,none
bluebird,none,none
bluebird,none,none
bluebird,none,none
bluebird,none,none
bluebird,none,none
bluebird,none,none
bluebird,none,none
bluebird,none,none
bluebird,none,none
bluebird,none,none
bluebird,none,none
bluebird,none,none
bluebird,none,none
bluebird,none,none
bluebird,none,none
bluebird,none,none
bluebird,none,none
bluebird,none,none
bluebird,none,none
bluebird,none,none
bluebird,none,none
bluebird,none,none
bluebird,none,none
bluebird,none,none
bluebird,none,none
bluebird,none,none
bluebird,none,none
bluebird,none,none
bluebird,none,none
bluebird,none,none
bluebird,none,none
bluebird,none,none
bluebird,none,none
bluebird,none,none
bluebird,none,none
bluebird,none,none
bluebird,none,none
bluebird,none,none
bluebird,none,none
bluebird,none,none
bluebird,none,none
bluebird,none,none
bluebird,none,none
bluebird,none,none
bluebird,none,none
bluebird,none,none
bluebird,none,none
bluebird,none,none
bluebird,none,none
bluebird,none,none
bluebird,none,none
bluebird,none,none
bluebird,none,none
bluebird,none,none
bluebird,none,none
bluebird,none,none
bluebird,none,none
bluebird,none,none
bluebird,none,none
bluebird,none,none
bluebird,none,none
bluebird,none,none
bluebird,none,none
bluebird,none,none
bluebird,none,none
bluebird,none,none
bluebird,none,none
bluebird,none,none
bluebird,none,none
bluebird,none,none
bluebird,none,none
bluebird,none,none
bluebird,none,none
bluebird,none,none
bluebird,none,none
bluebird,none,none
bluebird,none,none
bluebird,none,none
bluebird,none,none
bluebird,none,none
bluebird,none,none
bluebird,none,none
bluebird,none,none
bluebird,none,none
bluebird,none,none
bluebird,none,none
bluebird,none,none
bluebird,none,none
bluebird,none,none
bluebird,none,none
bluebird,none,none
bluebird,none,none
bluebird,none,none
bluebird,none,none
bluebird,none,none
bluebird,none,none
bluebird,none,none
bluebird,none,none
bluebird,none,none
bluebird,none,none
bluebird,none,none
bluebird,none,none
bluebird,none,none
bluebird,none,none
bluebird,none,none
bluebird,none,none
bluebird,none,none
bluebird,none,none
bluebird,none,none
bluebird,none,none
bluebird,none,none
bluebird,none,none
bluebird,none,none
bluebird,none,none
bluebird,none,none
bluebird,none,none
bluebird,none,none
bluebird,none,none
bluebird,none,none
bluebird,none,none
bluebird,none,none
bluebird,none,none
bluebird,none,none
bluebird,none,none
bluebird,none,none
bluebird,none,none
bluebird,none,none
bluebird,none,none
bluebird,none,none
bluebird,none,none
bluebird,none,none
bluebird,none,none
bluebird,none,none
bluebird,none,none
bluebird,none,none
bluebird,none,none
bluebird,none,none
bluebird,none,none
bluebird,none,none
bluebird,none,none
bluebird,none,none
bluebird,none,none
bluebird,none,none
bluebird,none,none
bluebird,none,none
bluebird,none,none
bluebird,none,none
bluebird,none,none
bluebird,none,none
bluebird,none,none
bluebird,none,none
bluebird,none,none
bluebird,none,none
bluebird,none,none
bluebird,none,none
bluebird,none,none
bluebird,none,none
bluebird,none,none
bluebird,none,none
bluebird,none,none
bluebird,none,none
bluebird,none,none
bluebird,none,none
bluebird,none,none
bluebird,none,none
bluebird,none,none
bluebird,none,none
bluebird,none,none
bluebird,none,none
bluebird,none,none
bluebird,none,none
bluebird,none,none
bluebird,none,none
bluebird,none,none
bluebird,none,none
bluebird,none,none
bluebird,none,none
bluebird,none,none
bluebird,none,none
bluebird,none,none
bluebird,none,none
bluebird,none,none
bluebird,none,none
bluebird,none,none
bluebird,none,none
bluebird,none,none
bluebird,none,none
bluebird,none,none
bluebird,none,none
bluebird,none,none
bluebird,none,none
bluebird,none,none
bluebird,none,none
bluebird,none,none
bluebird,none,none
bluebird,none,none
bluebird,none,none
bluebird,none,none
bluebird,none,none
bluebird,none,none
bluebird,none,none
bluebird,none,none
bluebird,none,none
bluebird,none,none
bluebird,none,none
bluebird,none,none
bluebird,none,none
bluebird,none,none
bluebird,none,none
bluebird,none,none
bluebird,none,none
bluebird,none,none
bluebird,none,none
bluebird,none,none
bluebird,none,none
bluebird,none,none
bluebird,none,none
bluebird,none,none
bluebird,none,none
bluebird,none,none
bluebird,none,none
bluebird,none,none
bluebird,none,none
bluebird,none,none
bluebird,none,none
bluebird,none,none
bluebird,none,none
bluebird,none,none
bluebird,none,none
bluebird,none,none
bluebird,none,none
bluebird,none,none
bluebird,none,none
bluebird,none,none
bluebird,none,none
bluebird,none,none
bluebird,none,none
bluebird,none,none
bluebird,none,none
bluebird,none,none
bluebird,none,none
bluebird,none,none
bluebird,none,none
bluebird,none,none
bluebird,none,none
bluebird,none,none
bluebird,none,none
bluebird,none,none
bluebird,none,none
bluebird,none,none
bluebird,none,none
bluebird,none,none
bluebird,none,none
bluebird,none,none
bluebird,none,none
bluebird,none,none
bluebird,none,none
bluebird,none,none
bluebird,none,none
bluebird,none,none
bluebird,none,none
bluebird,none,none
bluebird,none,none
bluebird,none,none
bluebird,none,none
bluebird,none,none
bluebird,none,none
bluebird,none,none
bluebird,none,none
bluebird,none,none
bluebird,none,none
bluebird,none,none
bluebird,none,none
bluebird,none,none
bluebird,none,none
bluebird,none,none
bluebird,none,none
bluebird,none,none
bluebird,none,none
bluebird,none,none
bluebird,none,none
bluebird,none,none
bluebird,none,none
bluebird,none,none
bluebird,none,none
bluebird,none,none
bluebird,none,none
bluebird,none,none
bluebird,none,none
bluebird,none,none
bluebird,none,none
bluebird,none,none
bluebird,none,none
bluebird,none,none
bluebird,none,none
bluebird,none,none
bluebird,none,none
bluebird,none,none
bluebird,none,none
bluebird,none,none
bluebird,none,none
bluebird,none,none
bluebird,none,none
bluebird,none,none
bluebird,none,none
bluebird,none,none
bluebird,none,none
bluebird,none,none
bluebird,none,none
bluebird,none,none
bluebird,none,none
bluebird,none,none
bluebird,none,none
bluebird,none,none
bluebird,none,none
bluebird,none,none
bluebird,none,none
bluebird,none,none
bluebird,none,none
bluebird,none,none
bluebird,none,none
bluebird,none,none
bluebird,none,none
bluebird,none,none
bluebird,none,none
bluebird,none,none
bluebird,none,none
bluebird,none,none
bluebird,none,none
bluebird,none,none
bluebird,none,none
bluebird,none,none
bluebird,none,none
bluebird,none,none
bluebird,none,none
bluebird,none,none
bluebird,none,none
bluebird,none,none
bluebird,none,none
bluebird,none,none
bluebird,none,none
bluebird,none,none
bluebird,none,none
bluebird,none,none
bluebird,none,none
bluebird,none,none
bluebird,none,none
bluebird,none,none
bluebird,none,none
bluebird,none,none
bluebird,none,none
bluebird,none,none
bluebird,none,none
bluebird,none,none
bluebird,none,none
bluebird,none,none
bluebird,none,none
bluebird,none,none
bluebird,none,none
bluebird,none,none
bluebird,none,none
bluebird,none,none
bluebird,none,none
bluebird,none,none
bluebird,none,none
bluebird,none,none
bluebird,none,none
bluebird,none,none
bluebird,none,none
bluebird,none,none
bluebird,none,none
bluebird,none,none
bluebird,none,none
bluebird,none,none
bluebird,none,none
bluebird,none,none
bluebird,none,none
bluebird,none,none
bluebird,none,none
bluebird,none,none
bluebird,none,none
bluebird,none,none
bluebird,none,none
bluebird,none,none
bluebird,none,none
bluebird,none,none
bluebird,none,none
bluebird,none,none
bluebird,none,none
bluebird,none,none
bluebird,none,none
bluebird,none,none
bluebird,none,none
bluebird,none,none
bluebird,none,none
bluebird,none,none
bluebird,none,none
bluebird,none,none
bluebird,none,none
bluebird,none,none
bluebird,none,none
bluebird,none,none
bluebird,none,none
bluebird,none,none
bluebird,none,none
bluebird,none,none
bluebird,none,none
bluebird,none,none
bluebird,none,none
bluebird,none,none
bluebird,none,none
bluebird,none,none
bluebird,none,none
bluebird,none,none
bluebird,none,none
bluebird,none,none
bluebird,none,none
bluebird,none,none
bluebird,none,none
bluebird,none,none
bluebird,none,none
bluebird,none,none
bluebird,none,none
bluebird,none,none
bluebird,none,none
bluebird,none,none
bluebird,none,none
bluebird,none,none
bluebird,none,none
bluebird,none,none
bluebird,none,none
bluebird,none,none
bluebird,none,none
bluebird,none,none
bluebird,none,none
bluebird,none,none
bluebird,none,none
bluebird,none,none
bluebird,none,none
bluebird,none,none
bluebird,none,none
bluebird,none,none
bluebird,none,none
bluebird,none,none
bluebird,none,none
bluebird,none,none
bluebird,none,none
bluebird,none,none
bluebird,none,none
bluebird,none,none
bluebird,none,none
bluebird,none,none
bluebird,none,none
bluebird,none,none
bluebird,none,none
bluebird,none,none
bluebird,none,none
bluebird,none,none
bluebird,none,none
bluebird,none,none
bluebird,none,none
bluebird,none,none
bluebird,none,none
bluebird,none,none
bluebird,none,none
bluebird,none,none
bluebird,none,none
bluebird,none,none
bluebird,none,none
bluebird,none,none
bluebird,none,none
bluebird,none,none
bluebird,none,none
bluebird,none,none
bluebird,none,none
bluebird,none,none
bluebird,none,none
bluebird,none,none
bluebird,none,none
bluebird,none,none
bluebird,none,none
bluebird,none,none
bluebird,none,none
bluebird,none,none
bluebird,none,none
bluebird,none,none
bluebird,none,none
bluebird,none,none
bluebird,none,none
bluebird,none,none
bluebird,none,none
bluebird,none,none
bluebird,none,none
bluebird,none,none
bluebird,none,none
bluebird,none,none
bluebird,none,none
bluebird,none,none
bluebird,none,none
bluebird,none,none
bluebird,none,none
bluebird,none,none
bluebird,none,none
bluebird,none,none
bluebird,none,none
bluebird,none,none
bluebird,none,none
bluebird,none,none
bluebird,none,none
bluebird,none,none
bluebird,none,none
bluebird,none,none
bluebird,none,none
bluebird,none,none
bluebird,none,none
bluebird,none,none
bluebird,none,none
bluebird,none,none
bluebird,none,none
bluebird,none,none
bluebird,none,none
bluebird,none,none
bluebird,none,none
bluebird,none,none
bluebird,none,none
bluebird,none,none
bluebird,none,none
bluebird,none,none
bluebird,none,none
bluebird,none,none
bluebird,none,none
bluebird,none,none
bluebird,none,none
bluebird,none,none
bluebird,none,none
bluebird,none,none
bluebird,none,none
bluebird,none,none
bluebird,none,none
bluebird,none,none
bluebird,none,none
bluebird,none,none
bluebird,none,none
bluebird,none,none
bluebird,none,none
bluebird,none,none
bluebird,none,none
bluebird,none,none
bluebird,none,none
bluebird,none,none
bluebird,none,none
bluebird,none,none
bluebird,none,none
bluebird,none,none
bluebird,none,none
bluebird,none,none
bluebird,none,none
bluebird,none,none
bluebird,none,none
bluebird,none,none
bluebird,none,none
bluebird,none,none
bluebird,none,none
bluebird,none,none
bluebird,none,none
bluebird,none,none
bluebird,none,none
bluebird,none,none
bluebird,none,none
bluebird,none,none
bluebird,none,none
bluebird,none,none
bluebird,none,none
bluebird,none,none
bluebird,none,none
bluebird,none,none
bluebird,none,none
bluebird,none,none
bluebird,none,none
bluebird,none,none
bluebird,none,none
bluebird,none,none
bluebird,none,none
bluebird,none,none
bluebird,none,none
bluebird,none,none
bluebird,none,none
bluebird,none,none
bluebird,none,none
bluebird,none,none
bluebird,none,none
bluebird,none,none
bluebird,none,none
bluebird,none,none
bluebird,none,none
bluebird,none,none
bluebird,none,none
bluebird,none,none
bluebird,none,none
bluebird,none,none
bluebird,none,none
bluebird,none,none
bluebird,none,none
bluebird,none,none
bluebird,none,none
bluebird,none,none
bluebird,none,none
bluebird,none,none
bluebird,none,none
bluebird,none,none
bluebird,none,none
bluebird,none,none
bluebird,none,none
bluebird,none,none
bluebird,none,none
bluebird,none,none
bluebird,none,none
bluebird,none,none
bluebird,none,none
bluebird,none,none
bluebird,none,none
bluebird,none,none
bluebird,none,none
bluebird,none,none
bluebird,none,none
bluebird,none,none
bluebird,none,none
bluebird,none,none
bluebird,none,none
bluebird,none,none
bluebird,none,none
bluebird,none,none
bluebird,none,none
bluebird,none,none
bluebird,none,none
bluebird,none,none
bluebird,none,none
bluebird,none,none
bluebird,none,none
bluebird,none,none
bluebird,none,none
bluebird,none,none
bluebird,none,none
bluebird,none,none
bluebird,none,none
bluebird,none,none
bluebird,none,none
bluebird,none,none
bluebird,none,none
bluebird,none,none
bluebird,none,none
bluebird,none,none
bluebird,none,none
bluebird,none,none
bluebird,none,none
bluebird,none,none
bluebird,none,none
bluebird,none,none
bluebird,none,none
bluebird,none,none
bluebird,none,none
bluebird,none,none
bluebird,none,none
bluebird,none,none
bluebird,none,none
bluebird,none,none
bluebird,none,none
bluebird,none,none
bluebird,none,none
bluebird,none,none
bluebird,none,none
bluebird,none,none
bluebird,none,none
bluebird,none,none
bluebird,none,none
bluebird,none,none
bluebird,none,none
bluebird,none,none
bluebird,none,none
bluebird,none,none
bluebird,none,none
bluebird,none,none
bluebird,none,none
bluebird,none,none
bluebird,none,none
bluebird,none,none
bluebird,none,none
bluebird,none,none
bluebird,none,none
bluebird,none,none
bluebird,none,none
bluebird,none,none
bluebird,none,none
bluebird,none,none
bluebird,none,none
bluebird,none,none
bluebird,none,none
bluebird,none,none
bluebird,none,none
bluebird,none,none
bluebird,none,none
bluebird,none,none
bluebird,none,none
bluebird,none,none
bluebird,none,none
bluebird,none,none
bluebird,none,none
bluebird,none,none
bluebird,none,none
bluebird,none,none
bluebird,none,none
bluebird,none,none
bluebird,none,none
bluebird,none,none
bluebird,none,none
bluebird,none,none
bluebird,none,none
bluebird,none,none
bluebird,none,none
bluebird,none,none
bluebird,none,none
bluebird,none,none
bluebird,none,none
bluebird,none,none
bluebird,none,none
bluebird,none,none
bluebird,none,none
bluebird,none,none
bluebird,none,none
bluebird,none,none
bluebird,none,none
bluebird,none,none
bluebird,none,none
bluebird,none,none
bluebird,none,none
bluebird,none,none
bluebird,none,none
bluebird,none,none
bluebird,none,none
bluebird,none,none
bluebird,none,none
bluebird,none,none
bluebird,none,none
bluebird,none,none
bluebird,none,none
bluebird,none,none
bluebird,none,none
bluebird,none,none
bluebird,none,none
bluebird,none,none
bluebird,none,none
bluebird,none,none
bluebird,none,none
bluebird,none,none
bluebird,none,none
bluebird,none,none
bluebird,none,none
bluebird,none,none
bluebird,none,none
bluebird,none,none
bluebird,none,none
bluebird,none,none
bluebird,none,none
bluebird,none,none
bluebird,none,none
bluebird,none,none
bluebird,none,none
bluebird,none,none
bluebird,none,none
bluebird,none,none
bluebird,none,none
bluebird,none,none
bluebird,none,none
bluebird,none,none
bluebird,none,none
bluebird,none,none
bluebird,none,none
bluebird,none,none
bluebird,none,none
bluebird,none,none
bluebird,none,none
bluebird,none,none
bluebird,none,none
bluebird,none,none
bluebird,none,none
bluebird,none,none
bluebird,none,none
bluebird,none,none
bluebird,none,none
bluebird,none,none
bluebird,none,none
bluebird,none,none
bluebird,none,none
bluebird,none,none
bluebird,none,none
bluebird,none,none
bluebird,none,none
bluebird,none,none
bluebird,none,none
bluebird,none,none
bluebird,none,none
bluebird,none,none
bluebird,none,none
bluebird,none,none
bluebird,none,none
bluebird,none,none
bluebird,none,none
bluebird,none,none
bluebird,none,none
bluebird,none,none
bluebird,none,none
bluebird,none,none
bluebird,none,none
bluebird,none,none
bluebird,none,none
bluebird,none,none
bluebird,none,none
bluebird,none,none
bluebird,none,none
bluebird,none,none
bluebird,none,none
bluebird,none,none
bluebird,none,none
bluebird,none,none
bluebird,none,none
bluebird,none,none
bluebird,none,none
bluebird,none,none
bluebird,none,none
bluebird,none,none
bluebird,none,none
bluebird,none,none
bluebird,none,none
bluebird,none,none
bluebird,none,none
bluebird,none,none
bluebird,none,none
bluebird,none,none
bluebird,none,none
bluebird,none,none
bluebird,none,none
bluebird,none,none
bluebird,none,none
bluebird,none,none
bluebird,none,none
bluebird,none,none
bluebird,none,none
bluebird,none,none
bluebird,none,none
bluebird,none,none
bluebird,none,none
bluebird,none,none
bluebird,none,none
bluebird,none,none
bluebird,none,none
bluebird,none,none
bluebird,none,none
bluebird,none,none
bluebird,none,none
bluebird,none,none
bluebird,none,none
bluebird,none,none
bluebird,none,none
bluebird,none,none
bluebird,none,none
bluebird,none,none
bluebird,none,none
bluebird,none,none
bluebird,none,none
bluebird,none,none
bluebird,none,none
bluebird,none,none
bluebird,none,none
bluebird,none,none
bluebird,none,none
bluebird,none,none
bluebird,none,none
bluebird,none,none
bluebird,none,none
bluebird,none,none
bluebird,none,none
bluebird,none,none
bluebird,none,none
bluebird,none,none
bluebird,none,none
bluebird,none,none
bluebird,none,none
bluebird,none,none
bluebird,none,none
bluebird,none,none
bluebird,none,none
bluebird,none,none
bluebird,none,none
bluebird,none,none
bluebird,none,none
bluebird,none,none
bluebird,none,none
bluebird,none,none
bluebird,none,none
bluebird,none,none
bluebird,none,none
bluebird,none,none
bluebird,none,none
bluebird,none,none
bluebird,none,none
bluebird,none,none
bluebird,none,none
bluebird,none,none
bluebird,none,none
bluebird,none,none
bluebird,none,none
bluebird,none,none
bluebird,none,none
bluebird,none,none
bluebird,none,none
bluebird,none,none
bluebird,none,none
bluebird,none,none
bluebird,none,none
bluebird,none,none
bluebird,none,none
bluebird,none,none
bluebird,none,none
bluebird,none,none
bluebird,none,none
bluebird,none,none
bluebird,none,none
bluebird,none,none
bluebird,none,none
bluebird,none,none
bluebird,none,none
bluebird,none,none
bluebird,none,none
bluebird,none,none
bluebird,none,none
bluebird,none,none
bluebird,none,none
bluebird,none,none
bluebird,none,none
bluebird,none,none
bluebird,none,none
bluebird,none,none
bluebird,none,none
bluebird,none,none
bluebird,none,none
bluebird,none,none
bluebird,none,none
bluebird,none,none
bluebird,none,none
bluebird,none,none
bluebird,none,none
bluebird,none,none
bluebird,none,none
bluebird,none,none
bluebird,none,none
bluebird,none,none
bluebird,none,none
bluebird,none,none
bluebird,none,none
bluebird,none,none
bluebird,none,none
bluebird,none,none
bluebird,none,none
bluebird,none,none
bluebird,none,none
bluebird,none,none
bluebird,none,none
bluebird,none,none
bluebird,none,none
bluebird,none,none
bluebird,none,none
bluebird,none,none
bluebird,none,none
bluebird,none,none
bluebird,none,none
bluebird,none,none
bluebird,none,none
bluebird,none,none
bluebird,none,none
bluebird,none,none
bluebird,none,none
bluebird,none,none
bluebird,none,none
bluebird,none,none
bluebird,none,none
bluebird,none,none
bluebird,none,none
bluebird,none,none
bluebird,none,none
bluebird,none,none
bluebird,none,none
bluebird,none,none
bluebird,none,none
bluebird,none,none
bluebird,none,none
bluebird,none,none
bluebird,none,none
bluebird,none,none
bluebird,none,none
bluebird,none,none
bluebird,none,none
bluebird,none,none
bluebird,none,none
bluebird,none,none
bluebird,none,none
bluebird,none,none
bluebird,none,none
bluebird,none,none
bluebird,none,none
bluebird,none,none
bluebird,none,none
bluebird,none,none
bluebird,none,none
bluebird,none,none
bluebird,none,none
bluebird,none,none
bluebird,none,none
bluebird,none,none
bluebird,none,none
bluebird,none,none
bluebird,none,none
bluebird,none,none
bluebird,none,none
bluebird,none,none
bluebird,none,none
bluebird,none,none
bluebird,none,none
bluebird,none,none
bluebird,none,none
bluebird,none,none
bluebird,none,none
bluebird,none,none
bluebird,none,none
bluebird,none,none
bluebird,none,none
bluebird,none,none
bluebird,none,none
bluebird,none,none
bluebird,none,none
bluebird,none,none
bluebird,none,none
bluebird,none,none
bluebird,none,none
bluebird,none,none
bluebird,none,none
bluebird,none,none
bluebird,none,none
bluebird,none,none
bluebird,none,none
bluebird,none,none
bluebird,none,none
bluebird,none,none
bluebird,none,none
bluebird,none,none
bluebird,none,none
bluebird,none,none
bluebird,none,none
bluebird,none,none
bluebird,none,none
bluebird,none,none
bluebird,none,none
bluebird,none,none
bluebird,none,none
bluebird,none,none
bluebird,none,none
bluebird,none,none
bluebird,none,none
bluebird,none,none
bluebird,none,none
bluebird,none,none
bluebird,none,none
bluebird,none,none
bluebird,none,none
bluebird,none,none
bluebird,none,none
bluebird,none,none
bluebird,none,none
bluebird,none,none
bluebird,none,none
bluebird,none,none
bluebird,none,none
bluebird,none,none
bluebird,none,none
bluebird,none,none
bluebird,none,none
bluebird,none,none
bluebird,none,none
bluebird,none,none
bluebird,none,none
bluebird,none,none
bluebird,none,none
bluebird,none,none
bluebird,none,none
bluebird,none,none
bluebird,none,none
bluebird,none,none
bluebird,none,none
bluebird,none,none
bluebird,none,none
bluebird,none,none
bluebird,none,none
bluebird,none,none
bluebird,none,none
bluebird,none,none
bluebird,none,none
bluebird,none,none
bluebird,none,none
bluebird,none,none
bluebird,none,none
bluebird,none,none
bluebird,none,none
bluebird,none,none
bluebird,none,none
bluebird,none,none
bluebird,none,none
bluebird,none,none
bluebird,none,none
bluebird,none,none
bluebird,none,none
bluebird,none,none
bluebird,none,none
bluebird,none,none
bluebird,none,none
bluebird,none,none
bluebird,none,none
bluebird,none,none
bluebird,none,none
bluebird,none,none
bluebird,none,none
bluebird,none,none
bluebird,none,none
bluebird,none,none
bluebird,none,none
bluebird,none,none
bluebird,none,none
bluebird,none,none
bluebird,none,none
bluebird,none,none
bluebird,none,none
bluebird,none,none
bluebird,none,none
bluebird,none,none
bluebird,none,none
bluebird,none,none
bluebird,none,none
bluebird,none,none
bluebird,none,none
bluebird,none,none
bluebird,none,none
bluebird,none,none
bluebird,none,none
bluebird,none,none
bluebird,none,none
bluebird,none,none
bluebird,none,none
bluebird,none,none
bluebird,none,none
bluebird,none,none
bluebird,none,none
bluebird,none,none
bluebird,none,none
bluebird,none,none
bluebird,none,none
bluebird,none,none
bluebird,none,none
bluebird,none,none
bluebird,none,none
bluebird,none,none
bluebird,none,none
bluebird,none,none
bluebird,none,none
bluebird,none,none
bluebird,none,none
bluebird,none,none
bluebird,none,none
bluebird,none,none
bluebird,none,none
bluebird,none,none
bluebird,none,none
bluebird,none,none
bluebird,none,none
bluebird,none,none
bluebird,none,none
bluebird,none,none
bluebird,none,none
bluebird,none,none
bluebird,none,none
bluebird,none,none
bluebird,none,none
bluebird,none,none
bluebird,none,none
bluebird,none,none
bluebird,none,none
bluebird,none,none
bluebird,none,none
bluebird,none,none
bluebird,none,none
bluebird,none,none
bluebird,none,none
bluebird,none,none
bluebird,none,none
bluebird,none,none
bluebird,none,none
bluebird,none,none
bluebird,none,none
bluebird,none,none
bluebird,none,none
bluebird,none,none
bluebird,none,none
bluebird,none,none
bluebird,none,none
bluebird,none,none
bluebird,none,none
bluebird,none,none
bluebird,none,none
bluebird,none,none
bluebird,none,none
bluebird,none,none
bluebird,none,none
bluebird,none,none
bluebird,none,none
bluebird,none,none
bluebird,none,none
bluebird,none,none
bluebird,none,none
bluebird,none,none
bluebird,none,none
bluebird,none,none
bluebird,none,none
bluebird,none,none
bluebird,none,none
bluebird,none,none
bluebird,none,none
bluebird,none,none
bluebird,none,none
bluebird,none,none
bluebird,none,none
bluebird,none,none
bluebird,none,none
bluebird,none,none
bluebird,none,none
bluebird,none,none
bluebird,none,none
bluebird,none,none
bluebird,none,none
bluebird,none,none
bluebird,none,none
bluebird,none,none
bluebird,none,none
bluebird,none,none
bluebird,none,none
bluebird,none,none
bluebird,none,none
bluebird,none,none
bluebird,none,none
bluebird,none,none
bluebird,none,none
bluebird,none,none
bluebird,none,none
bluebird,none,none
bluebird,none,none
bluebird,none,none
bluebird,none,none
bluebird,none,none
bluebird,none,none
bluebird,none,none
bluebird,none,none
bluebird,none,none
bluebird,none,none
bluebird,none,none
bluebird,none,none
bluebird,none,none
bluebird,none,none
bluebird,none,none
bluebird,none,none
bluebird,none,none
bluebird,none,none
bluebird,none,none
bluebird,none,none
bluebird,none,none
bluebird,none,none
bluebird,none,none
bluebird,none,none
bluebird,none,none
bluebird,none,none
bluebird,none,none
bluebird,none,none
bluebird,none,none
bluebird,none,none
bluebird,none,none
bluebird,none,none
bluebird,none,none
bluebird,none,none
bluebird,none,none
bluebird,none,none
bluebird,none,none
bluebird,none,none
bluebird,none,none
bluebird,none,none
bluebird,none,none
bluebird,none,none
bluebird,none,none
bluebird,none,none
bluebird,none,none
bluebird,none,none
bluebird,none,none
bluebird,none,none
bluebird,none,none
bluebird,none,none
bluebird,none,none
bluebird,none,none
bluebird,none,none
bluebird,none,none
bluebird,none,none
bluebird,none,none
bluebird,none,none
bluebird,none,none
bluebird,none,none
bluebird,none,none
bluebird,none,none
bluebird,none,none
bluebird,none,none
bluebird,none,none
bluebird,none,none
bluebird,none,none
bluebird,none,none
bluebird,none,none
bluebird,none,none
bluebird,none,none
bluebird,none,none
bluebird,none,none
bluebird,none,none
bluebird,none,none
bluebird,none,none
bluebird,none,none
bluebird,none,none
bluebird,none,none
bluebird,none,none
bluebird,none,none
bluebird,none,none
bluebird,none,none
bluebird,none,none
bluebird,none,none
bluebird,none,none
bluebird,none,none
bluebird,none,none
bluebird,none,none
bluebird,none,none
bluebird,none,none
bluebird,none,none
bluebird,none,none
bluebird,none,none
bluebird,none,none
bluebird,none,none
bluebird,none,none
bluebird,none,none
bluebird,none,none
bluebird,none,none
bluebird,none,none
bluebird,none,none
bluebird,none,none
bluebird,none,none
bluebird,none,none
bluebird,none,none
bluebird,none,none
bluebird,none,none
bluebird,none,none
bluebird,none,none
bluebird,none,none
bluebird,none,none
bluebird,none,none
bluebird,none,none
bluebird,none,none
bluebird,none,none
bluebird,none,none
bluebird,none,none
bluebird,none,none
bluebird,none,none
bluebird,none,none
bluebird,none,none
bluebird,none,none
bluebird,none,none
bluebird,none,none
bluebird,none,none
bluebird,none,none
bluebird,none,none
bluebird,none,none
bluebird,none,none
bluebird,none,none
bluebird,none,none
bluebird,none,none
bluebird,none,none
bluebird,none,none
bluebird,none,none
bluebird,none,none
bluebird,none,none
bluebird,none,none
bluebird,none,none
bluebird,none,none
bluebird,none,none
bluebird,none,none
bluebird,none,none
bluebird,none,none
bluebird,none,none
bluebird,none,none
bluebird,none,none
bluebird,none,none
bluebird,none,none
bluebird,none,none
bluebird,none,none
bluebird,none,none
bluebird,none,none
bluebird,none,none
bluebird,none,none
bluebird,none,none
bluebird,none,none
bluebird,none,none
bluebird,none,none
bluebird,none,none
bluebird,none,none
bluebird,none,none
bluebird,none,none
bluebird,none,none
bluebird,none,none
bluebird,none,none
bluebird,none,none
bluebird,none,none
bluebird,none,none
bluebird,none,none
bluebird,none,none
bluebird,none,none
bluebird,none,none
bluebird,none,none
bluebird,none,none
bluebird,none,none
bluebird,none,none
bluebird,none,none
bluebird,none,none
bluebird,none,none
bluebird,none,none
bluebird,none,none
bluebird,none,none
bluebird,none,none
bluebird,none,none
bluebird,none,none
bluebird,none,none
bluebird,none,none
bluebird,none,none
bluebird,none,none
bluebird,none,none
bluebird,none,none
bluebird,none,none
bluebird,none,none
bluebird,none,none
bluebird,none,none
bluebird,none,none
bluebird,none,none
bluebird,none,none
bluebird,none,none
bluebird,none,none
bluebird,none,none
bluebird,none,none
bluebird,none,none
bluebird,none,none
bluebird,none,none
bluebird,none,none
bluebird,none,none
bluebird,none,none
bluebird,none,none
bluebird,none,none
bluebird,none,none
bluebird,none,none
bluebird,none,none
bluebird,none,none
bluebird,none,none
bluebird,none,none
bluebird,none,none
bluebird,none,none
bluebird,none,none
bluebird,none,none
bluebird,none,none
bluebird,none,none
bluebird,none,none
bluebird,none,none
bluebird,none,none
bluebird,none,none
bluebird,none,none
bluebird,none,none
bluebird,none,none
bluebird,none,none
bluebird,none,none
bluebird,none,none
bluebird,none,none
bluebird,none,none
bluebird,none,none
bluebird,none,none
bluebird,none,none
bluebird,none,none
bluebird,none,none
bluebird,none,none
bluebird,none,none
bluebird,none,none
bluebird,none,none
bluebird,none,none
bluebird,none,none
bluebird,none,none
bluebird,none,none
bluebird,none,none
bluebird,none,none
bluebird,none,none
bluebird,none,none
bluebird,none,none
bluebird,none,none
bluebird,none,none
bluebird,none,none
bluebird,none,none
bluebird,none,none
bluebird,none,none
bluebird,none,none
bluebird,none,none
bluebird,none,none
bluebird,none,none
bluebird,none,none
bluebird,none,none
bluebird,none,none
bluebird,none,none
bluebird,none,none
bluebird,none,none
bluebird,none,none
bluebird,none,none
bluebird,none,none
bluebird,none,none
bluebird,none,none
bluebird,none,none
bluebird,none,none
bluebird,none,none
bluebird,none,none
bluebird,none,none
bluebird,none,none
bluebird,none,none
bluebird,none,none
bluebird,none,none
bluebird,none,none
bluebird,none,none
bluebird,none,none
bluebird,none,none
bluebird,none,none
bluebird,none,none
bluebird,none,none
bluebird,none,none
bluebird,none,none
bluebird,none,none
bluebird,none,none
bluebird,none,none
bluebird,none,none
bluebird,none,none
bluebird,none,none
bluebird,none,none
bluebird,none,none
bluebird,none,none
bluebird,none,none
bluebird,none,none
bluebird,none,none
bluebird,none,none
bluebird,none,none
bluebird,none,none
bluebird,none,none
bluebird,none,none
bluebird,none,none
bluebird,none,none
bluebird,none,none
bluebird,none,none
bluebird,none,none
bluebird,none,none
bluebird,none,none
bluebird,none,none
bluebird,none,none
bluebird,none,none
bluebird,none,none
bluebird,none,none
bluebird,none,none
bluebird,none,none
bluebird,none,none
bluebird,none,none
bluebird,none,none
bluebird,none,none
bluebird,none,none
bluebird,none,none
bluebird,none,none
bluebird,none,none
bluebird,none,none
bluebird,none,none
bluebird,none,none
bluebird,none,none
bluebird,none,none
bluebird,none,none
bluebird,none,none
bluebird,none,none
bluebird,none,none
bluebird,none,none
bluebird,none,none
bluebird,none,none
bluebird,none,none
bluebird,none,none
bluebird,none,none
bluebird,none,none
bluebird,none,none
bluebird,none,none
bluebird,none,none
bluebird,none,none
bluebird,none,none
bluebird,none,none
bluebird,none,none
bluebird,none,none
bluebird,none,none
bluebird,none,none
bluebird,none,none
bluebird,none,none
bluebird,none,none
bluebird,none,none
bluebird,none,none
bluebird,none,none
bluebird,none,none
bluebird,none,none
bluebird,none,none
bluebird,none,none
bluebird,none,none
bluebird,none,none
bluebird,none,none
bluebird,none,none
bluebird,none,none
bluebird,none,none
bluebird,none,none
bluebird,none,none
bluebird,none,none
bluebird,none,none
bluebird,none,none
bluebird,none,none
bluebird,none,none
bluebird,none,none
bluebird,none,none
bluebird,none,none
bluebird,none,none
bluebird,none,none
bluebird,none,none
bluebird,none,none
bluebird,none,none
bluebird,none,none
bluebird,none,none
bluebird,none,none
bluebird,none,none
bluebird,none,none
bluebird,none,none
bluebird,none,none
bluebird,none,none
bluebird,none,none
bluebird,none,none
bluebird,none,none
bluebird,none,none
bluebird,none,none
bluebird,none,none
bluebird,none,none
bluebird,none,none
bluebird,none,none
bluebird,none,none
bluebird,none,none
bluebird,none,none
bluebird,none,none
bluebird,none,none
bluebird,none,none
bluebird,none,none
bluebird,none,none
bluebird,none,none
bluebird,none,none
bluebird,none,none
bluebird,none,none
bluebird,none,none
bluebird,none,none
bluebird,none,none
bluebird,none,none
bluebird,none,none
bluebird,none,none
bluebird,none,none
bluebird,none,none
bluebird,none,none
bluebird,none,none
bluebird,none,none
bluebird,none,none
bluebird,none,none
bluebird,none,none
bluebird,none,none
bluebird,none,none
bluebird,none,none
bluebird,none,none
bluebird,none,none
bluebird,none,none
bluebird,none,none
bluebird,none,none
bluebird,none,none
bluebird,none,none
bluebird,none,none
bluebird,none,none
bluebird,none,none
bluebird,none,none
bluebird,none,none
bluebird,none,none
bluebird,none,none
bluebird,none,none
bluebird,none,none
bluebird,none,none
bluebird,none,none
bluebird,none,none
bluebird,none,none
bluebird,none,none
bluebird,none,none
bluebird,none,none
bluebird,none,none
bluebird,none,none
bluebird,none,none
bluebird,none,none
bluebird,none,none
bluebird,none,none
bluebird,none,none
bluebird,none,none
bluebird,none,none
bluebird,none,none
bluebird,none,none
bluebird,none,none
bluebird,none,none
bluebird,none,none
bluebird,none,none
bluebird,none,none
bluebird,none,none
bluebird,none,none
bluebird,none,none
bluebird,none,none
bluebird,none,none
bluebird,none,none
bluebird,none,none
bluebird,none,none
bluebird,none,none
bluebird,none,none
bluebird,none,none
bluebird,none,none
bluebird,none,none
bluebird,none,none
bluebird,none,none
bluebird,none,none
bluebird,none,none
bluebird,none,none
bluebird,none,none
bluebird,none,none
bluebird,none,none
bluebird,none,none
bluebird,none,none
bluebird,none,none
bluebird,none,none
bluebird,none,none
bluebird,none,none
bluebird,none,none
bluebird,none,none
bluebird,none,none
bluebird,none,none
bluebird,none,none
bluebird,none,none
bluebird,none,none
bluebird,none,none
bluebird,none,none
bluebird,none,none
bluebird,none,none
bluebird,none,none
bluebird,none,none
bluebird,none,none
bluebird,none,none
bluebird,none,none
bluebird,none,none
bluebird,none,none
bluebird,none,none
bluebird,none,none
bluebird,none,none
bluebird,none,none
bluebird,none,none
bluebird,none,none
bluebird,none,none
bluebird,none,none
bluebird,none,none
bluebird,none,none
bluebird,none,none
bluebird,none,none
bluebird,none,none
bluebird,none,none
bluebird,none,none
bluebird,none,none
bluebird,none,none
bluebird,none,none
bluebird,none,none
bluebird,none,none
bluebird,none,none
bluebird,none,none
bluebird,none,none
bluebird,none,none
bluebird,none,none
bluebird,none,none
bluebird,none,none
bluebird,none,none
bluebird,none,none
bluebird,none,none
bluebird,none,none
bluebird,none,none
bluebird,none,none
bluebird,none,none
bluebird,none,none
bluebird,none,none
bluebird,none,none
bluebird,none,none
bluebird,none,none
bluebird,none,none
bluebird,none,none
bluebird,none,none
bluebird,none,none
bluebird,none,none
bluebird,none,none
bluebird,none,none
bluebird,none,none
bluebird,none,none
bluebird,none,none
bluebird,none,none
bluebird,none,none
bluebird,none,none
bluebird,none,none
bluebird,none,none
bluebird,none,none
bluebird,none,none
bluebird,none,none
bluebird,none,none
bluebird,none,none
bluebird,none,none
bluebird,none,none
bluebird,none,none
bluebird,none,none
bluebird,none,none
bluebird,none,none
bluebird,none,none
bluebird,none,none
bluebird,none,none
bluebird,none,none
bluebird,none,none
bluebird,none,none
bluebird,none,none
bluebird,none,none
bluebird,none,none
bluebird,none,none
bluebird,none,none
bluebird,none,none
bluebird,none,none
bluebird,none,none
bluebird,none,none
bluebird,none,none
bluebird,none,none
bluebird,none,none
bluebird,none,none
bluebird,none,none
bluebird,none,none
bluebird,none,none
bluebird,none,none
bluebird,none,none
bluebird,none,none
bluebird,none,none
bluebird,none,none
bluebird,none,none
bluebird,none,none
bluebird,none,none
bluebird,none,none
bluebird,none,none
bluebird,none,none
bluebird,none,none
bluebird,none,none
bluebird,none,none
bluebird,none,none
bluebird,none,none
bluebird,none,none
bluebird,none,none
bluebird,none,none
bluebird,none,none
bluebird,none,none
bluebird,none,none
bluebird,none,none
bluebird,none,none
bluebird,none,none
bluebird,none,none
bluebird,none,none
bluebird,none,none
bluebird,none,none
bluebird,none,none
bluebird,none,none
bluebird,none,none
bluebird,none,none
bluebird,none,none
bluebird,none,none
bluebird,none,none
bluebird,none,none
bluebird,none,none
bluebird,none,none
bluebird,none,none
bluebird,none,none
bluebird,none,none
bluebird,none,none
bluebird,none,none
bluebird,none,none
bluebird,none,none
bluebird,none,none
bluebird,none,none
bluebird,none,none
bluebird,none,none
bluebird,none,none
bluebird,none,none
bluebird,none,none
bluebird,none,none
bluebird,none,none
bluebird,none,none
bluebird,none,none
bluebird,none,none
bluebird,none,none
bluebird,none,none
bluebird,none,none
bluebird,none,none
bluebird,none,none
bluebird,none,none
bluebird,none,none
bluebird,none,none
bluebird,none,none
bluebird,none,none
bluebird,none,none
bluebird,none,none
bluebird,none,none
bluebird,none,none
bluebird,none,none
bluebird,none,none
bluebird,none,none
bluebird,none,none
bluebird,none,none
bluebird,none,none
bluebird,none,none
bluebird,none,none
bluebird,none,none
bluebird,none,none
bluebird,none,none
bluebird,none,none
bluebird,none,none
bluebird,none,none
bluebird,none,none
bluebird,none,none
bluebird,none,none
bluebird,none,none
bluebird,none,none
bluebird,none,none
bluebird,none,none
bluebird,none,none
bluebird,none,none
bluebird,none,none
bluebird,none,none
bluebird,none,none
bluebird,none,none
bluebird,none,none
bluebird,none,none
bluebird,none,none
bluebird,none,none
bluebird,none,none
bluebird,none,none
bluebird,none,none
bluebird,none,none
bluebird,none,none
bluebird,none,none
bluebird,none,none
bluebird,none,none
bluebird,none,none
bluebird,none,none
bluebird,none,none
bluebird,none,none
bluebird,none,none
bluebird,none,none
bluebird,none,none
bluebird,none,none
bluebird,none,none
bluebird,none,none
bluebird,none,none
bluebird,none,none
bluebird,none,none
bluebird,none,none
bluebird,none,none
bluebird,none,none
bluebird,none,none
bluebird,none,none
bluebird,none,none
bluebird,none,none
bluebird,none,none
bluebird,none,none
bluebird,none,none
bluebird,none,none
bluebird,none,none
bluebird,none,none
bluebird,none,none
bluebird,none,none
bluebird,none,none
bluebird,none,none
bluebird,none,none
bluebird,none,none
bluebird,none,none
bluebird,none,none
bluebird,none,none
bluebird,none,none
bluebird,none,none
bluebird,none,none
bluebird,none,none
bluebird,none,none
bluebird,none,none
bluebird,none,none
bluebird,none,none
bluebird,none,none
bluebird,none,none
bluebird,none,none
bluebird,none,none
bluebird,none,none
bluebird,none,none
bluebird,none,none
bluebird,none,none
bluebird,none,none
bluebird,none,none
bluebird,none,none
bluebird,none,none
bluebird,none,none
bluebird,none,none
bluebird,none,none
bluebird,none,none
bluebird,none,none
bluebird,none,none
bluebird,none,none
bluebird,none,none
bluebird,none,none
bluebird,none,none
bluebird,none,none
bluebird,none,none
bluebird,none,none
bluebird,none,none
bluebird,none,none
bluebird,none,none
bluebird,none,none
bluebird,none,none
bluebird,none,none
bluebird,none,none
bluebird,none,none
bluebird,none,none
bluebird,none,none
bluebird,none,none
bluebird,none,none
bluebird,none,none
bluebird,none,none
bluebird,none,none
bluebird,none,none
bluebird,none,none
bluebird,none,none
bluebird,none,none
bluebird,none,none
bluebird,none,none
bluebird,none,none
bluebird,none,none
bluebird,none,none
bluebird,none,none
bluebird,none,none
bluebird,none,none
bluebird,none,none
bluebird,none,none
bluebird,none,none
bluebird,none,none
bluebird,none,none
bluebird,none,none
bluebird,none,none
bluebird,none,none
bluebird,none,none
bluebird,none,none
bluebird,none,none
bluebird,none,none
bluebird,none,none
bluebird,none,none
bluebird,none,none
bluebird,none,none
bluebird,none,none
bluebird,none,none
bluebird,none,none
bluebird,none,none
bluebird,none,none
bluebird,none,none
bluebird,none,none
bluebird,none,none
bluebird,none,none
bluebird,none,none
bluebird,none,none
bluebird,none,none
bluebird,none,none
bluebird,none,none
bluebird,none,none
bluebird,none,none
bluebird,none,none
bluebird,none,none
bluebird,none,none
bluebird,none,none
bluebird,none,none
bluebird,none,none
bluebird,none,none
bluebird,none,none
bluebird,none,none
bluebird,none,none
bluebird,none,none
bluebird,none,none
bluebird,none,none
bluebird,none,none
bluebird,none,none
bluebird,none,none
bluebird,none,none
bluebird,none,none
bluebird,none,none
bluebird,none,none
bluebird,none,none
bluebird,none,none
bluebird,none,none
bluebird,none,none
bluebird,none,none
bluebird,none,none
bluebird,none,none
bluebird,none,none
bluebird,none,none
bluebird,none,none
bluebird,none,none
bluebird,none,none
bluebird,none,none
bluebird,none,none
bluebird,none,none
bluebird,none,none
bluebird,none,none
bluebird,none,none
bluebird,none,none
bluebird,none,none
bluebird,none,none
bluebird,none,none
bluebird,none,none
bluebird,none,none
bluebird,none,none
bluebird,none,none
bluebird,none,none
bluebird,none,none
bluebird,none,none
bluebird,none,none
bluebird,none,none
bluebird,none,none
bluebird,none,none
bluebird,none,none
bluebird,none,none
bluebird,none,none
bluebird,none,none
bluebird,none,none
bluebird,none,none
bluebird,none,none
bluebird,none,none
bluebird,none,none
bluebird,none,none
bluebird,none,none
bluebird,none,none
bluebird,none,none
bluebird,none,none
bluebird,none,none
bluebird,none,none
bluebird,none,none
bluebird,none,none
bluebird,none,none
bluebird,none,none
bluebird,none,none
bluebird,none,none
bluebird,none,none
bluebird,none,none
bluebird,none,none
bluebird,none,none
bluebird,none,none
bluebird,none,none
bluebird,none,none
bluebird,none,none
bluebird,none,none
bluebird,none,none
bluebird,none,none
bluebird,none,none
bluebird,none,none
bluebird,none,none
bluebird,none,none
bluebird,none,none
bluebird,none,none
bluebird,none,none
bluebird,none,none
bluebird,none,none
bluebird,none,none
bluebird,none,none
bluebird,none,none
bluebird,none,none
bluebird,none,none
bluebird,none,none
bluebird,none,none
bluebird,none,none
bluebird,none,none
bluebird,none,none
bluebird,none,none
bluebird,none,none
bluebird,none,none
bluebird,none,none
bluebird,none,none
bluebird,none,none
bluebird,none,none
bluebird,none,none
bluebird,none,none
bluebird,none,none
bluebird,none,none
bluebird,none,none
bluebird,none,none
bluebird,none,none
bluebird,none,none
bluebird,none,none
bluebird,none,none
bluebird,none,none
bluebird,none,none
bluebird,none,none
bluebird,none,none
bluebird,none,none
bluebird,none,none
bluebird,none,none
bluebird,none,none
bluebird,none,none
bluebird,none,none
bluebird,none,none
bluebird,none,none
bluebird,none,none
bluebird,none,none
bluebird,none,none
bluebird,none,none
bluebird,none,none
bluebird,none,none
bluebird,none,none
bluebird,none,none
bluebird,none,none
bluebird,none,none
bluebird,none,none
bluebird,none,none
bluebird,none,none
bluebird,none,none
bluebird,none,none
bluebird,none,none
bluebird,none,none
bluebird,none,none
bluebird,none,none
bluebird,none,none
bluebird,none,none
bluebird,none,none
bluebird,none,none
bluebird,none,none
bluebird,none,none
bluebird,none,none
bluebird,none,none
bluebird,none,none
bluebird,none,none
bluebird,none,none
bluebird,none,none
bluebird,none,none
bluebird,none,none
bluebird,none,none
bluebird,none,none
bluebird,none,none
bluebird,none,none
bluebird,none,none
bluebird,none,none
bluebird,none,none
bluebird,none,none
bluebird,none,none
bluebird,none,none
bluebird,none,none
bluebird,none,none
bluebird,none,none
bluebird,none,none
bluebird,none,none
bluebird,none,none
bluebird,none,none
bluebird,none,none
bluebird,none,none
bluebird,none,none
bluebird,none,none
bluebird,none,none
bluebird,none,none
bluebird,none,none
bluebird,none,none
bluebird,none,none
bluebird,none,none
bluebird,none,none
bluebird,none,none
bluebird,none,none
bluebird,none,none
bluebird,none,none
bluebird,none,none
bluebird,none,none
bluebird,none,none
bluebird,none,none
bluebird,none,none
bluebird,none,none
bluebird,none,none
bluebird,none,none
bluebird,none,none
bluebird,none,none
bluebird,none,none
bluebird,none,none
bluebird,none,none
bluebird,none,none
bluebird,none,none
bluebird,none,none
bluebird,none,none
bluebird,none,none
bluebird,none,none
bluebird,none,none
bluebird,none,none
bluebird,none,none
bluebird,none,none
bluebird,none,none
bluebird,none,none
bluebird,none,none
bluebird,none,none
bluebird,none,none
bluebird,none,none
bluebird,none,none
bluebird,none,none
bluebird,none,none
bluebird,none,none
bluebird,none,none
bluebird,none,none
bluebird,none,none
bluebird,none,none
bluebird,none,none
bluebird,none,none
bluebird,none,none
bluebird,none,none
bluebird,none,none
bluebird,none,none
bluebird,none,none
bluebird,none,none
bluebird,none,none
bluebird,none,none
bluebird,none,none
bluebird,none,none
bluebird,none,none
bluebird,none,none
bluebird,none,none
bluebird,none,none
bluebird,none,none
bluebird,none,none
bluebird,none,none
bluebird,none,none
bluebird,none,none
bluebird,none,none
bluebird,none,none
bluebird,none,none
bluebird,none,none
bluebird,none,none
bluebird,none,none
bluebird,none,none
bluebird,none,none
bluebird,none,none
bluebird,none,none
bluebird,none,none
bluebird,none,none
bluebird,none,none
bluebird,none,none
bluebird,none,none
bluebird,none,none
bluebird,none,none
bluebird,none,none
bluebird,none,none
bluebird,none,none
bluebird,none,none
bluebird,none,none
bluebird,none,none
bluebird,none,none
bluebird,none,none
bluebird,none,none
bluebird,none,none
bluebird,none,none
bluebird,none,none
bluebird,none,none
bluebird,none,none
bluebird,none,none
bluebird,none,none
bluebird,none,none
bluebird,none,none
bluebird,none,none
bluebird,none,none
bluebird,none,none
bluebird,none,none
bluebird,none,none
bluebird,none,none
bluebird,none,none
bluebird,none,none
bluebird,none,none
bluebird,none,none
bluebird,none,none
bluebird,none,none
bluebird,none,none
bluebird,none,none
bluebird,none,none
bluebird,none,none
bluebird,none,none
bluebird,none,none
bluebird,none,none
bluebird,none,none
bluebird,none,none
bluebird,none,none
bluebird,none,none
bluebird,none,none
bluebird,none,none
bluebird,none,none
bluebird,none,none
bluebird,none,none
bluebird,none,none
bluebird,none,none
bluebird,none,none
bluebird,none,none
bluebird,none,none
bluebird,none,none
bluebird,none,none
bluebird,none,none
bluebird,none,none
bluebird,none,none
bluebird,none,none
bluebird,none,none
bluebird,none,none
bluebird,none,none
bluebird,none,none
bluebird,none,none
bluebird,none,none
bluebird,none,none
bluebird,none,none
bluebird,none,none
bluebird,none,none
bluebird,none,none
bluebird,none,none
bluebird,none,none
bluebird,none,none
bluebird,none,none
bluebird,none,none
bluebird,none,none
bluebird,none,none
bluebird,none,none
bluebird,none,none
bluebird,none,none
bluebird,none,none
bluebird,none,none
bluebird,none,none
bluebird,none,none
bluebird,none,none
bluebird,none,none
bluebird,none,none
bluebird,none,none
bluebird,none,none
bluebird,none,none
bluebird,none,none
bluebird,none,none
bluebird,none,none
bluebird,none,none
bluebird,none,none
bluebird,none,none
bluebird,none,none
bluebird,none,none
bluebird,none,none
bluebird,none,none
bluebird,none,none
bluebird,none,none
bluebird,none,none
bluebird,none,none
bluebird,none,none
bluebird,none,none
bluebird,none,none
bluebird,none,none
bluebird,none,none
bluebird,none,none
bluebird,none,none
bluebird,none,none
bluebird,none,none
bluebird,none,none
bluebird,none,none
bluebird,none,none
bluebird,none,none
bluebird,none,none
bluebird,none,none
bluebird,none,none
bluebird,none,none
bluebird,none,none
bluebird,none,none
bluebird,none,none
bluebird,none,none
bluebird,none,none
bluebird,none,none
bluebird,none,none
bluebird,none,none
bluebird,none,none
bluebird,none,none
bluebird,none,none
bluebird,none,none
bluebird,none,none
bluebird,none,none
bluebird,none,none
bluebird,none,none
bluebird,none,none
bluebird,none,none
bluebird,none,none
bluebird,none,none
bluebird,none,none
bluebird,none,none
bluebird,none,none
bluebird,none,none
bluebird,none,none
bluebird,none,none
bluebird,none,none
bluebird,none,none
bluebird,none,none
bluebird,none,none
bluebird,none,none
bluebird,none,none
bluebird,none,none
bluebird,none,none
bluebird,none,none
bluebird,none,none
bluebird,none,none
bluebird,none,none
bluebird,none,none
bluebird,none,none
bluebird,none,none
bluebird,none,none
bluebird,none,none
bluebird,none,none
bluebird,none,none
bluebird,none,none
bluebird,none,none
bluebird,none,none
bluebird,none,none
bluebird,none,none
bluebird,none,none
bluebird,none,none
bluebird,none,none
bluebird,none,none
bluebird,none,none
bluebird,none,none
bluebird,none,none
bluebird,none,none
bluebird,none,none
bluebird,none,none
bluebird,none,none
bluebird,none,none
bluebird,none,none
bluebird,none,none
bluebird,none,none
bluebird,none,none
bluebird,none,none
bluebird,none,none
bluebird,none,none
bluebird,none,none
bluebird,none,none
bluebird,none,none
bluebird,none,none
bluebird,none,none
bluebird,none,none
bluebird,none,none
bluebird,none,none
bluebird,none,none
bluebird,none,none
bluebird,none,none
bluebird,none,none
bluebird,none,none
bluebird,none,none
bluebird,none,none
bluebird,none,none
bluebird,none,none
bluebird,none,none
bluebird,none,none
bluebird,none,none
bluebird,none,none
bluebird,none,none
bluebird,none,none
bluebird,none,none
bluebird,none,none
bluebird,none,none
bluebird,none,none
bluebird,none,none
bluebird,none,none
bluebird,none,none
bluebird,none,none
bluebird,none,none
bluebird,none,none
bluebird,none,none
bluebird,none,none
bluebird,none,none
bluebird,none,none
bluebird,none,none
bluebird,none,none
bluebird,none,none
bluebird,none,none
bluebird,none,none
bluebird,none,none
bluebird,none,none
bluebird,none,none
bluebird,none,none
bluebird,none,none
bluebird,none,none
bluebird,none,none
bluebird,none,none
bluebird,none,none
bluebird,none,none
bluebird,none,none
bluebird,none,none
bluebird,none,none
bluebird,none,none
bluebird,none,none
bluebird,none,none
bluebird,none,none
bluebird,none,none
bluebird,none,none
bluebird,none,none
bluebird,none,none
bluebird,none,none
bluebird,none,none
bluebird,none,none
bluebird,none,none
bluebird,none,none
bluebird,none,none
bluebird,none,none
bluebird,none,none
bluebird,none,none
bluebird,none,none
bluebird,none,none
bluebird,none,none
bluebird,none,none
bluebird,none,none
bluebird,none,none
bluebird,none,none
bluebird,none,none
bluebird,none,none
bluebird,none,none
bluebird,none,none
bluebird,none,none
bluebird,none,none
bluebird,none,none
bluebird,none,none
bluebird,none,none
bluebird,none,none
bluebird,none,none
bluebird,none,none
bluebird,none,none
bluebird,none,none
bluebird,none,none
bluebird,none,none
bluebird,none,none
bluebird,none,none
bluebird,none,none
bluebird,none,none
bluebird,none,none
bluebird,none,none
bluebird,none,none
bluebird,none,none
bluebird,none,none
bluebird,none,none
bluebird,none,none
bluebird,none,none
bluebird,none,none
bluebird,none,none
bluebird,none,none
bluebird,none,none
bluebird,none,none
bluebird,none,none
bluebird,none,none
bluebird,none,none
bluebird,none,none
bluebird,none,none
bluebird,none,none
bluebird,none,none
bluebird,none,none
bluebird,none,none
bluebird,none,none
bluebird,none,none
bluebird,none,none
bluebird,none,none
bluebird,none,none
bluebird,none,none
bluebird,none,none
bluebird,none,none
bluebird,none,none
bluebird,none,none
bluebird,none,none
bluebird,none,none
bluebird,none,none
bluebird,none,none
bluebird,none,none
bluebird,none,none
bluebird,none,none
bluebird,none,none
bluebird,none,none
bluebird,none,none
bluebird,none,none
bluebird,none,none
bluebird,none,none
bluebird,none,none
bluebird,none,none
bluebird,none,none
bluebird,none,none
bluebird,none,none
bluebird,none,none
bluebird,none,none
bluebird,none,none
bluebird,none,none
bluebird,none,none
bluebird,none,none
bluebird,none,none
bluebird,none,none
bluebird,none,none
bluebird,none,none
bluebird,none,none
bluebird,none,none
bluebird,none,none
bluebird,none,none
bluebird,none,none
bluebird,none,none
bluebird,none,none
bluebird,none,none
bluebird,none,none
bluebird,none,none
bluebird,none,none
bluebird,none,none
bluebird,none,none
bluebird,none,none
bluebird,none,none
bluebird,none,none
bluebird,none,none
bluebird,none,none
bluebird,none,none
bluebird,none,none
bluebird,none,none
bluebird,none,none
bluebird,none,none
bluebird,none,none
bluebird,none,none
bluebird,none,none
bluebird,none,none
bluebird,none,none
bluebird,none,none
bluebird,none,none
bluebird,none,none
bluebird,none,none
bluebird,none,none
bluebird,none,none
bluebird,none,none
bluebird,none,none
bluebird,none,none
bluebird,none,none
bluebird,none,none
bluebird,none,none
bluebird,none,none
bluebird,none,none
bluebird,none,none
bluebird,none,none
bluebird,none,none
bluebird,none,none
bluebird,none,none
bluebird,none,none
bluebird,none,none
bluebird,none,none
bluebird,none,none
bluebird,none,none
bluebird,none,none
bluebird,none,none
bluebird,none,none
bluebird,none,none
bluebird,none,none
bluebird,none,none
bluebird,none,none
bluebird,none,none
bluebird,none,none
bluebird,none,none
bluebird,none,none
bluebird,none,none
bluebird,none,none
bluebird,none,none
bluebird,none,none
bluebird,none,none
bluebird,none,none
bluebird,none,none
bluebird,none,none
bluebird,none,none
bluebird,none,none
bluebird,none,none
bluebird,none,none
bluebird,none,none
bluebird,none,none
bluebird,none,none
bluebird,none,none
bluebird,none,none
bluebird,none,none
bluebird,none,none
bluebird,none,none
bluebird,none,none
bluebird,none,none
bluebird,none,none
bluebird,none,none
bluebird,none,none
bluebird,none,none
bluebird,none,none
bluebird,none,none
bluebird,none,none
bluebird,none,none
bluebird,none,none
bluebird,none,none
bluebird,none,none
bluebird,none,none
bluebird,none,none
bluebird,none,none
bluebird,none,none
bluebird,none,none
bluebird,none,none
bluebird,none,none
bluebird,none,none
bluebird,none,none
bluebird,none,none
bluebird,none,none
bluebird,none,none
bluebird,none,none
bluebird,none,none
bluebird,none,none
bluebird,none,none
bluebird,none,none
bluebird,none,none
bluebird,none,none
bluebird,none,none
bluebird,none,none
bluebird,none,none
bluebird,none,none
bluebird,none,none
bluebird,none,none
bluebird,none,none
bluebird,none,none
bluebird,none,none
bluebird,none,none
bluebird,none,none
bluebird,none,none
bluebird,none,none
bluebird,none,none
bluebird,none,none
bluebird,none,none
bluebird,none,none
bluebird,none,none
bluebird,none,none
bluebird,none,none
bluebird,none,none
bluebird,none,none
bluebird,none,none
bluebird,none,none
bluebird,none,none
bluebird,none,none
bluebird,none,none
bluebird,none,none
bluebird,none,none
bluebird,none,none
bluebird,none,none
bluebird,none,none
bluebird,none,none
bluebird,none,none
bluebird,none,none
bluebird,none,none
bluebird,none,none
bluebird,none,none
bluebird,none,none
bluebird,none,none
bluebird,none,none
bluebird,none,none
bluebird,none,none
bluebird,none,none
bluebird,none,none
bluebird,none,none
bluebird,none,none
bluebird,none,none
bluebird,none,none
bluebird,none,none
bluebird,none,none
bluebird,none,none
bluebird,none,none
bluebird,none,none
bluebird,none,none
bluebird,none,none
bluebird,none,none
bluebird,none,none
bluebird,none,none
bluebird,none,none
bluebird,none,none
bluebird,none,none
bluebird,none,none
bluebird,none,none
bluebird,none,none
bluebird,none,none
bluebird,none,none
bluebird,none,none
bluebird,none,none
bluebird,none,none
bluebird,none,none
bluebird,none,none
bluebird,none,none
bluebird,none,none
bluebird,none,none
bluebird,none,none
bluebird,none,none
bluebird,none,none
bluebird,none,none
bluebird,none,none
bluebird,none,none
bluebird,none,none
bluebird,none,none
bluebird,none,none
bluebird,none,none
bluebird,none,none
bluebird,none,none
bluebird,none,none
bluebird,none,none
bluebird,none,none
bluebird,none,none
bluebird,none,none
bluebird,none,none
bluebird,none,none
bluebird,none,none
bluebird,none,none
bluebird,none,none
bluebird,none,none
bluebird,none,none
bluebird,none,none
bluebird,none,none
bluebird,none,none
bluebird,none,none
bluebird,none,none
bluebird,none,none
bluebird,none,none
bluebird,none,none
bluebird,none,none
bluebird,none,none
bluebird,none,none
bluebird,none,none
bluebird,none,none
bluebird,none,none
bluebird,none,none
bluebird,none,none
bluebird,none,none
bluebird,none,none
bluebird,none,none
bluebird,none,none
bluebird,none,none
bluebird,none,none
bluebird,none,none
bluebird,none,none
bluebird,none,none
bluebird,none,none
bluebird,none,none
bluebird,none,none
bluebird,none,none
bluebird,none,none
bluebird,none,none
bluebird,none,none
bluebird,none,none
bluebird,none,none
bluebird,none,none
bluebird,none,none
bluebird,none,none
bluebird,none,none
bluebird,none,none
bluebird,none,none
bluebird,none,none
bluebird,none,none
bluebird,none,none
bluebird,none,none
bluebird,none,none
bluebird,none,none
bluebird,none,none
bluebird,none,none
bluebird,none,none
bluebird,none,none
bluebird,none,none
bluebird,none,none
bluebird,none,none
bluebird,none,none
bluebird,none,none
bluebird,none,none
bluebird,none,none
bluebird,none,none
bluebird,none,none
bluebird,none,none
bluebird,none,none
bluebird,none,none
bluebird,none,none
bluebird,none,none
bluebird,none,none
bluebird,none,none
bluebird,none,none
bluebird,none,none
bluebird,none,none
bluebird,none,none
bluebird,none,none
bluebird,none,none
bluebird,none,none
bluebird,none,none
bluebird,none,none
bluebird,none,none
bluebird,none,none
bluebird,none,none
bluebird,none,none
bluebird,none,none
bluebird,none,none
bluebird,none,none
bluebird,none,none
bluebird,none,none
bluebird,none,none
bluebird,none,none
bluebird,none,none
bluebird,none,none
bluebird,none,none
bluebird,none,none
bluebird,none,none
bluebird,none,none
bluebird,none,none
bluebird,none,none
bluebird,none,none
bluebird,none,none
bluebird,none,none
bluebird,none,none
bluebird,none,none
bluebird,none,none
bluebird,none,none
bluebird,none,none
bluebird,none,none
bluebird,none,none
bluebird,none,none
bluebird,none,none
bluebird,none,none
bluebird,none,none
bluebird,none,none
bluebird,none,none
bluebird,none,none
bluebird,none,none
bluebird,none,none
bluebird,none,none
bluebird,none,none
bluebird,none,none
bluebird,none,none
bluebird,none,none
bluebird,none,none
bluebird,none,none
bluebird,none,none
bluebird,none,none
bluebird,none,none
bluebird,none,none
bluebird,none,none
bluebird,none,none
bluebird,none,none
bluebird,none,none
bluebird,none,none
bluebird,none,none
bluebird,none,none
bluebird,none,none
bluebird,none,none
bluebird,none,none
bluebird,none,none
bluebird,none,none
bluebird,none,none
bluebird,none,none
bluebird,none,none
bluebird,none,none
bluebird,none,none
bluebird,none,none
bluebird,none,none
bluebird,none,none
bluebird,none,none
bluebird,none,none
bluebird,none,none
bluebird,none,none
bluebird,none,none
bluebird,none,none
bluebird,none,none
bluebird,none,none
bluebird,none,none
bluebird,none,none
bluebird,none,none
bluebird,none,none
bluebird,none,none
bluebird,none,none
bluebird,none,none
bluebird,none,none
bluebird,none,none
bluebird,none,none
bluebird,none,none
bluebird,none,none
bluebird,none,none
bluebird,none,none
bluebird,none,none
bluebird,none,none
bluebird,none,none
bluebird,none,none
bluebird,none,none
bluebird,none,none
bluebird,none,none
bluebird,none,none
bluebird,none,none
bluebird,none,none
bluebird,none,none
bluebird,none,none
bluebird,none,none
bluebird,none,none
bluebird,none,none
bluebird,none,none
bluebird,none,none
bluebird,none,none
bluebird,none,none
bluebird,none,none
bluebird,none,none
bluebird,none,none
bluebird,none,none
bluebird,none,none
bluebird,none,none
bluebird,none,none
bluebird,none,none
bluebird,none,none
bluebird,none,none
bluebird,none,none
bluebird,none,none
bluebird,none,none
bluebird,none,none
bluebird,none,none
bluebird,none,none
bluebird,none,none
bluebird,none,none
bluebird,none,none
bluebird,none,none
bluebird,none,none
bluebird,none,none
bluebird,none,none
bluebird,none,none
bluebird,none,none
bluebird,none,none
bluebird,none,none
bluebird,none,none
bluebird,none,none
bluebird,none,none
bluebird,none,none
bluebird,none,none
bluebird,none,none
bluebird,none,none
bluebird,none,none
bluebird,none,none
bluebird,none,none
bluebird,none,none
bluebird,none,none
bluebird,none,none
bluebird,none,none
bluebird,none,none
bluebird,none,none
bluebird,none,none
bluebird,none,none
bluebird,none,none
bluebird,none,none
bluebird,none,none
bluebird,none,none
bluebird,none,none
bluebird,none,none
bluebird,none,none
bluebird,none,none
bluebird,none,none
bluebird,none,none
bluebird,none,none
bluebird,none,none
bluebird,none,none
bluebird,none,none
bluebird,none,none
bluebird,none,none
bluebird,none,none
bluebird,none,none
bluebird,none,none
bluebird,none,none
bluebird,none,none
bluebird,none,none
bluebird,none,none
bluebird,none,none
bluebird,none,none
bluebird,none,none
bluebird,none,none
bluebird,none,none
bluebird,none,none
bluebird,none,none
bluebird,none,none
bluebird,none,none
bluebird,none,none
bluebird,none,none
bluebird,none,none
bluebird,none,none
bluebird,none,none
bluebird,none,none
bluebird,none,none
bluebird,none,none
bluebird,none,none
bluebird,none,none
bluebird,none,none
bluebird,none,none
bluebird,none,none
bluebird,none,none
bluebird,none,none
bluebird,none,none
bluebird,none,none
bluebird,none,none
bluebird,none,none
bluebird,none,none
bluebird,none,none
bluebird,none,none
bluebird,none,none
bluebird,none,none
bluebird,none,none
bluebird,none,none
bluebird,none,none
bluebird,none,none
bluebird,none,none
bluebird,none,none
bluebird,none,none
bluebird,none,none
bluebird,none,none
bluebird,none,none
bluebird,none,none
bluebird,none,none
bluebird,none,none
bluebird,none,none
bluebird,none,none
bluebird,none,none
bluebird,none,none
bluebird,none,none
bluebird,none,none
bluebird,none,none
bluebird,none,none
bluebird,none,none
bluebird,none,none
bluebird,none,none
bluebird,none,none
bluebird,none,none
bluebird,none,none
bluebird,none,none
bluebird,none,none
bluebird,none,none
bluebird,none,none
bluebird,none,none
bluebird,none,none
bluebird,none,none
bluebird,none,none
bluebird,none,none
bluebird,none,none
bluebird,none,none
bluebird,none,none
bluebird,none,none
bluebird,none,none
bluebird,none,none
bluebird,none,none
bluebird,none,none
bluebird,none,none
bluebird,none,none
bluebird,none,none
bluebird,none,none
bluebird,none,none
bluebird,none,none
bluebird,none,none
bluebird,none,none
bluebird,none,none
bluebird,none,none
bluebird,none,none
bluebird,none,none
bluebird,none,none
bluebird,none,none
bluebird,none,none
bluebird,none,none
bluebird,none,none
bluebird,none,none
bluebird,none,none
bluebird,none,none
bluebird,none,none
bluebird,none,none
bluebird,none,none
bluebird,none,none
bluebird,none,none
bluebird,none,none
bluebird,none,none
bluebird,none,none
bluebird,none,none
bluebird,none,none
bluebird,none,none
bluebird,none,none
bluebird,none,none
bluebird,none,none
bluebird,none,none
bluebird,none,none
bluebird,none,none
bluebird,none,none
bluebird,none,none
bluebird,none,none
bluebird,none,none
bluebird,none,none
bluebird,none,none
bluebird,none,none
bluebird,none,none
bluebird,none,none
bluebird,none,none
bluebird,none,none
bluebird,none,none
bluebird,none,none
bluebird,none,none
bluebird,none,none
bluebird,none,none
bluebird,none,none
bluebird,none,none
bluebird,none,none
bluebird,none,none
bluebird,none,none
bluebird,none,none
bluebird,none,none
bluebird,none,none
bluebird,none,none
bluebird,none,none
bluebird,none,none
bluebird,none,none
bluebird,none,none
bluebird,none,none
bluebird,none,none
bluebird,none,none
bluebird,none,none
bluebird,none,none
bluebird,none,none
bluebird,none,none
bluebird,none,none
bluebird,none,none
bluebird,none,none
bluebird,none,none
bluebird,none,none
bluebird,none,none
bluebird,none,none
bluebird,none,none
bluebird,none,none
bluebird,none,none
bluebird,none,none
bluebird,none,none
bluebird,none,none
bluebird,none,none
bluebird,none,none
bluebird,none,none
bluebird,none,none
bluebird,none,none
bluebird,none,none
bluebird,none,none
bluebird,none,none
bluebird,none,none
bluebird,none,none
bluebird,none,none
bluebird,none,none
bluebird,none,none
bluebird,none,none
bluebird,none,none
bluebird,none,none
bluebird,none,none
bluebird,none,none
bluebird,none,none
bluebird,none,none
bluebird,none,none
bluebird,none,none
bluebird,none,none
bluebird,none,none
bluebird,none,none
bluebird,none,none
bluebird,none,none
bluebird,none,none
bluebird,none,none
bluebird,none,none
bluebird,none,none
bluebird,none,none
bluebird,none,none
bluebird,none,none
bluebird,none,none
bluebird,none,none
bluebird,none,none
bluebird,none,none
bluebird,none,none
bluebird,none,none
bluebird,none,none
